Workbook

Sheet Item-per-dimensi
B2: N (Need to finish a task) | F2: B (Need to belong to groups)
B3: Nomor | C3: Item | F3: Nomor | G3: Item
B4: 2B | C4: Saya suka menekuni pekerjaan yang saya lakukan sampai selesai. | F4: 35A | G4: Saya ingin menjadi bagian dari kelompok.
B5: 13B | C5: Saya selalu menekuni suatu pekerjaan sampai selesai. | F5: 25A | G5: Saya ingin menyelaraskan diri dengan kelompok.
B6: 24B | C6: Saya tidak suka mengerjakan beberapa pekerjaan sekaligus. | F6: 15A | G6: Saya ingin diterima dalam kelompok.
B7: 35B | C7: Saya ingin menyelesaikan pekerjaan satu per satu. | F7: 5A | G7: Saya suka bergabung dalam kelompok.
B8: 46B | C8: Saya selalu berusaha menyelesaikan apa yang sudah saya mulai. | F8: 6A | G8: Saya suka berteman dengan suatu kelompok.
B9: 57B | C9: Saya selalu ingin menyelesaikan pekerjaan yang telah saya mulai. | F9: 17B | G9: Saya lebih suka bekerja bersama orang Iain daripada sendiri.
B10: 68B | C10: Saya terus menekuni suatu masalah sampai terselesaikan. | F10: 28B | G10: Saya ingin diterima dan diakui dalam suatu kelompok.
B11: 79B | C11: Saya selalu menyelesaikan pekerjaan yang telah saya mulai. | F11: 39B | G11: Saya tertarik menjadi bagian dari kelompok.
B12: 90B | C12: Saya harus menyelesaikan apa yang sudah saya mulai. | F12: 50B | G12: Saya senang berada bersama dengan orang-orang Iain.
B14: G (Role of Hard Intense Worker) | F14: O (Need for closeness and affection)
B15: Nomor | C15: Item | F15: Nomor | G15: Item
B16: 1A | C16: Saya seorang pekerja keras. | F16: 46A | G16: Saya senang bila orang-orang dapat intim dan bersahabat.
B17: 11A | C17: Saya mencoba sekuat tenaga. | F17: 36A | G17: Saya berusaha berteman secara akrab.
B18: 21A | C18: Saya selalu berusaha keras. | F18: 26A | G18: Saya suka membina hubungan yang akrab dengan teman-teman saya.
B19: 31A | C19: Saya bekerja keras. | F19: 16A | G19: Saya cemas jika seseorang tidak menyukai saya.
B20: 41A | C20: Saya berusaha keras sekali. | F20: 6B | G20: Saya senang bersahabat intim dengan seseorang.
B21: 51A | C21: Saya selalu berusaha menyelesaikan tugas secara sempurna. | F21: 7B | G21: Saya berusaha membina hubungan yang akrab dengan teman saya.
B22: 61A | C22: Saya berusaha kerja keras. | F22: 18B | G22: Saya merasa terganggu jika ada orang yang tidak menyukai saya.
B23: 71A | C23: Saya selalu berusaha bekerja keras. | F23: 29B | G23: Saya cemas kalau orang Iain tidak menyukai saya.
B24: 81A | C24: Saya mengejar apa yang saya inginkan. | F24: 40B | G24: Saya suka orang mengenal saya dengan baik.
B26: A (Need to Achieve) | F26: R (Theoritical type)
B27: Nomor | C27: Item | F27: Nomor | G27: Item
B28: 2A | C28: Saya suka bekerja lebih baik dari orang lain. | F28: 67A | G28: Perencanaan saya jauh ke masa depan.
B29: 3B | C29: Saya ingin bekerja sebaik mungkin. | F29: 77A | G29: Saya banyak berpikir dan merencanakan.
B30: 14B | C30: Saya ingin menjadi sangat sukses. | F30: 87B | G30: Saya bekerja dengan teori.
B31: 25B | C31: Saya ingin melakukan sesuatu lebih baik dari orang lain. | F31: 86B | G31: Saya banyak menghabiskan waktu untuk berpikir.
B32: 36B | C32: Saya berusaha keras untuk menjadi yang terbaik. | F32: 75B | G32: Sebagian besar waktu saya gunakan untuk berpikir.
B33: 47B | C33: Saya suka mengerjakan tugas-tugas yang sulit dengan balk. | F33: 64B | G33: Saya senang bekerja berdasarkan teori atau konsep tertentu.
B34: 58B | C34: Saya ingin menjadi orang yang berhasil. | F34: 53B | G34: Saya banyak mempertimbangkan konsep dan ide-ide.
B35: 69B | C35: Saya ingin sukses. | F35: 42B | G35: Saya berpikir panjang dan hati-hati.
B36: 80B | C36: Saya suka menjadi orang yang sukses. | F36: 31B | G36: Saya banyak berpikir dan berencana.
B38: L (Leadership Roles) | F38: D (Interest in working with detail)
B39: Nomor | C39: Item | F39: Nomor | G39: Item
B40: 12A | C40: Saya dapat membuat orang mau bekerja keras. | F40: 78A | G40: Saya suka pekerjaan yang harus memperhatikan hal-hal kecil (detail).
B41: 22A | C41: Saya adalah pemimpin yang baik. | F41: 88A | G41: Saya menikmati pekerjaan yang melibatkan hal detail.
B42: 32A | C42: Saya memimpin kelompok. | F42: 87A | G42: Saya suka bekerja dengan hal-hal yang terperinci.
B43: 42A | C43: Orang lain beranggapan bahwa saya adalah seorang pemimpin yang baik. | F43: 76B | G43: Saya menyukai pekerjaan yang menuntut ketepatan.
B44: 52A | C44: Saya tergolong tipe pemimpin. | F44: 65B | G44: Saya menyukai pekerjaan yang harus dilakukan secara teliti.
B45: 62A | C45: Bila saya berbicara, kelompok akan mendengarkan. | F45: 54B | G45: Saya senang mengerjakan hal-hal yang detail.
B46: 72A | C46: Kelompok biasanya melakukan apa yang saya inginkan. | F46: 43B | G46: Saya senang mengurus hal-hal kecil atau detail.
B47: 82A | C47: Saya membuat orang lain bekerja keras. | F47: 32B | G47: Hal-hal kecil (detail) menarik bagi saya.
B48: 81B | C48: Saya adalah pemimpin yang baik. | F48: 21B | G48: Saya senang bekerja dengan cermat dan hati-hati.
B50: P (Need to Control Others) | F50: C (Organized type)
B51: Nomor | C51: Item | F51: Nomor | G51: Item
B52: 3A | C52: Saya suka memberi petunjuk kepada orang bagaimana melakukan sesuatu. | F52: 89B | G52: Saya meletakkan segala sesuatu pada tempatnya.
B53: 13A | C53: Saya suka memberitahu kelompok apa yang harus dikerjakan. | F53: 88B | G53: Saya suka mengorganisasi pekerjaan saya.
B54: 4A | C54: Saya senang memberitahu orang apa yang harus dikerjakannya. | F54: 77B | G54: Saya menyimpan segala sesuatu pada tempatnya.
B55: 15B | C55: Saya suka membantu orang Iain dalam mengambil sikap. | F55: 66B | G55: Apa yang sudah saya simpan akan mudah saya temukan kembali.
B56: 26B | C56: Saya suka menasehati orang lain. | F56: 55B | G56: Saya suka menata segala sesuatunya dengan rapi dan teratur.
B57: 37B | C57: Saya ingin menjadi penanggung jawab bagi orang-orang Iain. | F57: 44B | G57: Orang lain menganggap saya dapat mengelola segala sesuatunya dengan rapi dan teratur.
B58: 48B | C58: Saya suka mengajari orang lain bagaimana cara melakukan sesuatu. | F58: 33B | G58: Saya seorang yang teratur dalam bekerja.
B59: 59B | C59: Saya senang diserahi tanggung jawab atas sekelompok orang. | F59: 22B | G59: Saya mengorganisir tugas-tugas dengan baik.
B60: 70B | C60: Saya suka membantu kelompok dalam mengambil sikap. | F60: 11B | G60: Saya menempatkan semua barang pada tempatnya.
B62: I (Ease in decision making) | F62: Z (Need for change)
B63: Nomor | C63: Item | F63: Nomor | G63: item
B64: 23A | C64: Saya mudah mengambil keputusan. | F64: 57A | G64: Saya ingin mengerjakan hal-hal baru.
B65: 33A | C65: Saya cepat mengambil keputusan. | F65: 47A | G65: Saya senang bereksperimen dan mencoba hal-hal baru.
B66: 43A | C66: Saya sering mengambil risiko atau coba-coba. | F66: 37A | G66: Saya menyukai kegiatan yang bervariasi dan berbeda.
B67: 53A | C67: Saya mengambil peluang yang muncul dengan cepat. | F67: 27A | G67: Saya suka melakukan hal yang baru dan berbeda.
B68: 63A | C68: Bagi saya, mengambil keputusan adalah hal yang mudah. | F68: 17A | G68: Saya suka mencoba sesuatu yang baru.
B69: 73A | C69: Saya tidak banyak pertimbangan dalam membuat keputusan. | F69: 7A | G69: Saya cepat berubah jika hal itu diperlukan.
B70: 83B | C70: Saya membuat keputusan dengan cepat. | F70: 8A | G70: Saya ingin mencoba sesuatu yang baru dan bervariasi.
B71: 82B | C71: Saya adalah seorang yang tidak banyak pertimbangan dalam mengambil keputusan. | F71: 19B | G71: Saya suka mencoba tugas-tugas yang baru dan berbeda.
B72: 71B | C72: Saya mengambil keputusan secara mudah. | F72: 30B | G72: Saya mudah merasa bosan.
B74: T (Pace) | F74: E (Emotional restraint)
B75: Nomor | C75: Item | F75: Nomor | G75: İtem
B76: 34A | C76: Biasanya saya bekerja dengan tergesa-gesa. | F76: 1B | G76: Saya bukan seorang pemurung.
B77: 44A | C77: Orang lain berpendapat bahwa saya bekerja dengan cepat. | F77: 12B | G77: Saya tidak mudah marah.
B78: 54A | C78: Saya bekerja dengan cepat. | F78: 23B | G78: Saya pandai mengendalikan diri.
B79: 64A | C79: Biasanya saya melakukan berbagai aktivitas dengan cepat. | F79: 34B | G79: Saya jarang marah atau bersedih.
B80: 74A | C80: Saya bekerja secara cepat. | F80: 45B | G80: Saya mempunyai pribadi yang menyenangkan.
B81: 84A | C81: Saya biasanya tergesa-gesa dalam bekerja. | F81: 56B | G81: Saya adalah seorang yang mempunyai pembawaan tenang.
B82: 83A | C82: Saya bicara dengan cepat. | F82: 67B | G82: Saya dapat tampil tenang dalam berbagai situasi.
B83: 72B | C83: Saya biasa terburu-buru. | F83: 78B | G83: Saya tidak cepat marah.
B84: 61B | C84: Saya mengerjakan sesuatu dengan cepat. | F84: 89A | G84: Orang lain tidak mudah mengetahui apa yang saya rasakan.
B86: V (Vigorous Type) | F86: K (Need to be forceful)
B87: Nomor | C87: Item | F87: Nomor | G87: Item
B88: 45A | C88: Saya senang berolahraga rutin. | F88: 68A | G88: Saya biasanya bersikeras mengenai apa yang saya yakini.
B89: 55A | C89: Saya memiliki banyak energi untuk beraktivitas dan berolahraga. | F89: 58A | G89: Saya biasanya mempertahankan pendapat yang saya yakini.
B90: 65A | C90: Saya menyukai pekerjaan dimana saya banyak bergerak. | F90: 48A | G90: Saya ingin diperlakukan secara adil.
B91: 75A | C91: Biasanya saya bersemangat dan penuh energi. | F91: 38A | G91: Saya menyukai perdebatan mengenai suatu topik.
B92: 85B | C92: Orang mengatakan bahwa saya tidak mengenal lelah. | F92: 28A | G92: Jika saya benar, saya akan mempertahankannya.
B93: 84B | C93: Saya berolahraga secara teratur. | F93: 18A | G93: Saya menyalahkan orang lain atas kesalahan yang mereka lakukan.
B94: 73B | C94: Saya tidak mengenal lelah dalam bekerja. | F94: 8B | G94: Saya ingin membalas bisa disakiti.
B95: 62B | C95: Saya terampil menggunakan berbagai peralatan kerja. | F95: 9B | G95: Saya suka memberitahu orang lain jika mereka salah.
B96: 51B | C96: Orang Iain menganggap saya tidak mengenal lelah dalam bekerja. | F96: 20B | G96: Saya suka mengatakan langsung kepada orang lain bila mereka membuat saya kesal.
B98: X (Need to be noticed) | F98: F (Need to support authority)
B99: Nomor | C99: Item | F99: Nomor | G99: Item
B100: 24A | C100: Saya suka menceritakan keberhasilan saya dalam mengerjakan tugas. | F100: 79A | G100: Saya senang mengikuti orang-orang yang saya kagumi.
B101: 14A | C101: Saya ingin tampil menarik dan menakjubkan. | F101: 69A | G101: Saya suka menyenangkan hati orang-orang yang saya kagumi.
B102: 4B | C102: Saya suka melakukan hal-hal yang lucu. | F102: 59A | G102: Saya menyukai saran-saran dari orang yang saya kagumi.
B103: 5B | C103: Saya senang diperhatikan oleh kelompok. | F103: 49A | G103: Saya suka melakukan apa yang diharapkan atasan dari saya.
B104: 16B | C104: Saya suka orang memperhatikan saya. | F104: 39A | G104: Saya suka mendukung orang yang menjadi atasan saya.
B105: 27B | C105: Saya suka menceritakan bagaimana saya berhasil melakukan sesuatu. | F105: 29A | G105: Saya suka menyenangkan hati orang yang menjadi atasan saya.
B106: 38B | C106: Saya suka mendapatkan perhatian. | F106: 19A | G106: Saya suka mendukung pendapat atasan saya.
B107: 49B | C107: Saya suka menarik perhatian. | F107: 9A | G107: Saya ingin atasan saya menyukai saya.
B108: 60B | C108: Saya suka menerima banyak perhatian. | F108: 10A | G108: Saya suka menyenangkan hati orang yang memimpin saya.
B110: S (Social Extension) | F110: W (Need for rules and supervision)
...

Sheet Item_Table
B1: Nomor | C1: Item | D1: Aspek
A2: 1 | B2: 2B | C2: Saya suka menekuni pekerjaan yang saya lakukan sampai selesai. | D2: N
A3: 2 | B3: 13B | C3: Saya selalu menekuni suatu pekerjaan sampai selesai. | D3: N
A4: 3 | B4: 24B | C4: Saya tidak suka mengerjakan beberapa pekerjaan sekaligus. | D4: N
A5: 4 | B5: 35B | C5: Saya ingin menyelesaikan pekerjaan satu per satu. | D5: N
A6: 5 | B6: 46B | C6: Saya selalu berusaha menyelesaikan apa yang sudah saya mulai. | D6: N
A7: 6 | B7: 57B | C7: Saya selalu ingin menyelesaikan pekerjaan yang telah saya mulai. | D7: N
A8: 7 | B8: 68B | C8: Saya terus menekuni suatu masalah sampai terselesaikan. | D8: N
A9: 8 | B9: 79B | C9: Saya selalu menyelesaikan pekerjaan yang telah saya mulai. | D9: N
A10: 9 | B10: 90B | C10: Saya harus menyelesaikan apa yang sudah saya mulai. | D10: N
A11: 10 | B11: 1A | C11: Saya seorang pekerja keras. | D11: G
A12: 11 | B12: 11A | C12: Saya mencoba sekuat tenaga. | D12: G
A13: 12 | B13: 21A | C13: Saya selalu berusaha keras. | D13: G
... A181: 180 | B181: 10B | C181: Saya suka mengikuti petunjuk kerja yang diberikan pada saya. | D181: W

Sheet Item-per-block
B2: No | C2: Kode | D2: Pernyataan A | E2: Kode | F2: Pernyataan B
B3: 1 | C3: 1A | D3: {=XLOOKUP(C3,Item_Table!$B$2:$B$181,Item_Table!$C$2:$C$181,"",0)} -> Saya seorang pekerja keras. | E3: 1B | F3: {=XLOOKUP(E3,Item_Table!$B$2:$B$181,Item_Table!$C$2:$C$181,"",0)} -> Saya bukan seorang pemurung.
B4: 2 | C4: 2A | D4: {=XLOOKUP(C4,Item_Table!$B$2:$B$181,Item_Table!$C$2:$C$181,"",0)} -> Saya suka bekerja lebih baik dari orang lain. | E4: 2B | F4: {=XLOOKUP(E4,Item_Table!$B$2:$B$181,Item_Table!$C$2:$C$181,"",0)} -> Saya suka menekuni pekerjaan yang saya lakukan sampai selesai.
B5: 3 | C5: 3A | D5: {=XLOOKUP(C5,Item_Table!$B$2:$B$181,Item_Table!$C$2:$C$181,"",0)} -> Saya suka memberi petunjuk kepada orang bagaimana melakukan sesuatu. | E5: 3B | F5: {=XLOOKUP(E5,Item_Table!$B$2:$B$181,Item_Table!$C$2:$C$181,"",0)} -> Saya ingin bekerja sebaik mungkin.
B6: 4 | C6: 4A | D6: {=XLOOKUP(C6,Item_Table!$B$2:$B$181,Item_Table!$C$2:$C$181,"",0)} -> Saya senang memberitahu orang apa yang harus dikerjakannya. | E6: 4B | F6: {=XLOOKUP(E6,Item_Table!$B$2:$B$181,Item_Table!$C$2:$C$181,"",0)} -> Saya suka melakukan hal-hal yang lucu.
B7: 5 | C7: 5A | D7: {=XLOOKUP(C7,Item_Table!$B$2:$B$181,Item_Table!$C$2:$C$181,"",0)} -> Saya suka bergabung dalam kelompok. | E7: 5B | F7: {=XLOOKUP(E7,Item_Table!$B$2:$B$181,Item_Table!$C$2:$C$181,"",0)} -> Saya senang diperhatikan oleh kelompok.
B8: 6 | C8: 6A | D8: {=XLOOKUP(C8,Item_Table!$B$2:$B$181,Item_Table!$C$2:$C$181,"",0)} -> Saya suka berteman dengan suatu kelompok. | E8: 6B | F8: {=XLOOKUP(E8,Item_Table!$B$2:$B$181,Item_Table!$C$2:$C$181,"",0)} -> Saya senang bersahabat intim dengan seseorang.
B9: 7 | C9: 7A | D9: {=XLOOKUP(C9,Item_Table!$B$2:$B$181,Item_Table!$C$2:$C$181,"",0)} -> Saya cepat berubah jika hal itu diperlukan. | E9: 7B | F9: {=XLOOKUP(E9,Item_Table!$B$2:$B$181,Item_Table!$C$2:$C$181,"",0)} -> Saya berusaha membina hubungan yang akrab dengan teman saya.
B10: 8 | C10: 8A | D10: {=XLOOKUP(C10,Item_Table!$B$2:$B$181,Item_Table!$C$2:$C$181,"",0)} -> Saya ingin mencoba sesuatu yang baru dan bervariasi. | E10: 8B | F10: {=XLOOKUP(E10,Item_Table!$B$2:$B$181,Item_Table!$C$2:$C$181,"",0)} -> Saya ingin membalas bisa disakiti.
B11: 9 | C11: 9A | D11: {=XLOOKUP(C11,Item_Table!$B$2:$B$181,Item_Table!$C$2:$C$181,"",0)} -> Saya ingin atasan saya menyukai saya. | E11: 9B | F11: {=XLOOKUP(E11,Item_Table!$B$2:$B$181,Item_Table!$C$2:$C$181,"",0)} -> Saya suka memberitahu orang lain jika mereka salah.
B12: 10 | C12: 10A | D12: {=XLOOKUP(C12,Item_Table!$B$2:$B$181,Item_Table!$C$2:$C$181,"",0)} -> Saya suka menyenangkan hati orang yang memimpin saya. | E12: 10B | F12: {=XLOOKUP(E12,Item_Table!$B$2:$B$181,Item_Table!$C$2:$C$181,"",0)} -> Saya suka mengikuti petunjuk kerja yang diberikan pada saya.
B13: 11 | C13: 11A | D13: {=XLOOKUP(C13,Item_Table!$B$2:$B$181,Item_Table!$C$2:$C$181,"",0)} -> Saya mencoba sekuat tenaga. | E13: 11B | F13: {=XLOOKUP(E13,Item_Table!$B$2:$B$181,Item_Table!$C$2:$C$181,"",0)} -> Saya menempatkan semua barang pada tempatnya.
B14: 12 | C14: 12A | D14: {=XLOOKUP(C14,Item_Table!$B$2:$B$181,Item_Table!$C$2:$C$181,"",0)} -> Saya dapat membuat orang mau bekerja keras. | E14: 12B | F14: {=XLOOKUP(E14,Item_Table!$B$2:$B$181,Item_Table!$C$2:$C$181,"",0)} -> Saya tidak mudah marah.
... B92: 90 | C92: 90A | D92: {=XLOOKUP(C92,Item_Table!$B$2:$B$181,Item_Table!$C$2:$C$181,"",0)} -> Saya senang diberi petunjuk mengenai apa yang harus saya lakukan. | E92: 90B | F92: {=XLOOKUP(E92,Item_Table!$B$2:$B$181,Item_Table!$C$2:$C$181,"",0)} -> Saya harus menyelesaikan apa yang sudah saya mulai.
